C2330115	/root/autodl-tmp/ai4manufacturing_annotation/annotation_data/cases/C2330115/generated-artifacts/20260726T174536-172c4fc27236/C2330115.annotated.dxf	1308493	070b5cf3f524b88b55f8c062644562e3316fc98b6ce5616a11059b2f27243107	2026-07-26 17:45:36.121569909 +0800
C2431027	/root/autodl-tmp/ai4manufacturing_annotation/annotation_data/cases/C2431027/generated-artifacts/20260808T234752-ee773f6f37e2/C2431027.annotated.dxf	1742112	336755745dd3463cbe635a212ab0d951c8a4ac5354a92076322b0151bbe42832	2026-08-08 23:47:52.462670553 +0800
C2431055	/root/autodl-tmp/ai4manufacturing_annotation/annotation_data/cases/C2431055/generated-artifacts/20260809T003200-8e67e5495759/C2431055.annotated.dxf	2270462	c85d470a4513e464c388336d679506ad43a302082a3b4d0cd01a8e3689f1fb02	2026-08-09 00:32:00.163023034 +0800
C2431105	/root/autodl-tmp/ai4manufacturing_annotation/annotation_data/cases/C2431105/generated-artifacts/20260809T010824-4957b4d601ad/C2431105.annotated.dxf	1813384	9ec5659137e8579130242c3f084461eb6f33a5b21d8fb4482c13daf262a65a25	2026-08-09 01:08:24.459855732 +0800
C2431239	/root/autodl-tmp/ai4manufacturing_annotation/annotation_data/cases/C2431239/generated-artifacts/20260809T120120-ca0bb5c37153/C2431239.annotated.dxf	1438556	9965ed3db1b9d5a16950243f8e74cc32b64b50b67ff04bb714c0ccbbf233ac1d	2026-08-09 12:01:20.299680509 +0800
C2431245	/root/autodl-tmp/ai4manufacturing_annotation/annotation_data/cases/C2431245/generated-artifacts/20260809T131523-9d23ee89fe1e/C2431245.annotated.dxf	1584383	5049cd59cb23012c079619987a299c41ea7cc5cbe893a531690d159b3211dda2	2026-08-09 13:15:23.731068074 +0800
C2431354	/root/autodl-tmp/ai4manufacturing_annotation/annotation_data/cases/C2431354/generated-artifacts/20260809T132854-bc0809e17717/C2431354.annotated.dxf	1980831	bb9ed629987ceffd6351207bb9e2a50d278d737b3cdac17967226edcda2b59a9	2026-08-09 13:28:54.818225244 +0800
C2431381	/root/autodl-tmp/ai4manufacturing_annotation/annotation_data/cases/C2431381/generated-artifacts/20260809T133941-fab7757a9cc8/C2431381.annotated.dxf	881332	47433c7ec1cb045d6fb14d74eb7e6a3bdc5f95acfd4f94b4b3e4a3493fa1089f	2026-08-09 13:39:41.766453615 +0800
C2530027	/root/autodl-tmp/ai4manufacturing_annotation/annotation_data/cases/C2530027/generated-artifacts/20260809T134810-9d23ecff62a3/C2530027.annotated.dxf	799967	27fc8b723b54192fef753565d0cb6503865cbd9875b3677d18ab3dbd7998e698	2026-08-09 13:48:10.325747209 +0800
C2530028	/root/autodl-tmp/ai4manufacturing_annotation/annotation_data/cases/C2530028/generated-artifacts/20260809T140127-4b6a8c3e9d8c/C2530028.annotated.dxf	1492146	67a44136e321d2724b170f6435507c7a88c3b6544c316c63d26da97dc195ebab	2026-08-09 14:01:27.668556598 +0800
C2530029	/root/autodl-tmp/ai4manufacturing_annotation/annotation_data/cases/C2530029/generated-artifacts/20260809T144141-e294a0584e95/C2530029.annotated.dxf	1669817	0cdb9baf55b9301a4294cc85102b11d32153c9759dd14cce42a5aa46d1d096ea	2026-08-09 14:41:41.151319804 +0800
C2530093	/root/autodl-tmp/ai4manufacturing_annotation/annotation_data/cases/C2530093/generated-artifacts/20260809T145151-73b8e8da7d86/C2530093.annotated.dxf	1886973	0fb914215fbe5845ddcbbe2784431be0b5a7d9d654a9c62e59081720aa4a1bd6	2026-08-09 14:51:51.598128976 +0800
C2530098	/root/autodl-tmp/ai4manufacturing_annotation/annotation_data/cases/C2530098/generated-artifacts/20260809T145923-fb7c820dc534/C2530098.annotated.dxf	1342276	3824316dd9f6af50c75a47ce9c02be7821e50e63f1be0d597ebe7ab6dd544b32	2026-08-09 14:59:23.088743712 +0800
C2530110	/root/autodl-tmp/ai4manufacturing_annotation/annotation_data/cases/C2530110/generated-artifacts/20260809T150937-17a4b61973d8/C2530110.annotated.dxf	2233812	8071ab6d9e664f79b985cadca7647b0ea74b81fa7bce740229ccd63ee80d4c8d	2026-08-09 15:09:37.130025222 +0800
C2530117	/root/autodl-tmp/ai4manufacturing_annotation/annotation_data/cases/C2530117/generated-artifacts/20260809T152811-f6ac692dcf9e/C2530117.annotated.dxf	1915572	c4c47d01de28d27fbbfee7aef86d576dec6cecefb0caf5803c83eabd8d4f52f4	2026-08-09 15:28:11.291831299 +0800
C2530128	/root/autodl-tmp/ai4manufacturing_annotation/annotation_data/cases/C2530128/generated-artifacts/20260809T154527-9aeb11f392c1/C2530128.annotated.dxf	1981669	0dab3d31cf850d7f7030bcf6872eb7a560f23355b6d3788016a9b1f54d35ddba	2026-08-09 15:45:27.996312067 +0800
C2530131	/root/autodl-tmp/ai4manufacturing_annotation/annotation_data/cases/C2530131/generated-artifacts/20260809T160235-03220b1aded1/C2530131.annotated.dxf	1471428	167b36e8a06da1fef8d962671b33683c343f40c88b9f1c15cc4da722bdb4c9dd	2026-08-09 16:02:35.220598667 +0800
C2530137	/root/autodl-tmp/ai4manufacturing_annotation/annotation_data/cases/C2530137/generated-artifacts/20260809T161033-f463d00a1e72/C2530137.annotated.dxf	1489000	696a9f1d5e2deec0243f6e9580616c4c9338f8d4b5dae5b640afac848914436d	2026-08-09 16:10:33.536906419 +0800
C2530175	/root/autodl-tmp/ai4manufacturing_annotation/annotation_data/cases/C2530175/generated-artifacts/20260809T170006-3927ee429ddb/C2530175.annotated.dxf	1742555	a242597a935d6709c61d0e1c49abcbd0f82805ba9ba26b40cc062fae1d18f1ba	2026-08-09 17:00:06.804528300 +0800
C2530423	/root/autodl-tmp/ai4manufacturing_annotation/annotation_data/cases/C2530423/generated-artifacts/20260809T171258-56eccd63592a/C2530423.annotated.dxf	1733356	db4f4de7bcf00fc6d3058738b45569d0dc5d7db218e6c0c90077cede15037ef2	2026-08-09 17:12:58.884592182 +0800
C2530429	/root/autodl-tmp/ai4manufacturing_annotation/annotation_data/cases/C2530429/generated-artifacts/20260809T172227-8fc3b1fc33ff/C2530429.annotated.dxf	1745950	2a6ed72828e4de40e022bf031e1c1c410797e72ae7a3963510bba002f00176d1	2026-08-09 17:22:27.336995635 +0800
C2530534	/root/autodl-tmp/ai4manufacturing_annotation/annotation_data/cases/C2530534/generated-artifacts/20260809T174855-272a56c13676/C2530534.annotated.dxf	571999	71f50bd46bf234bf80a74f61aecdd0d2fa67ad1ee7067f8b5f4d7a9377dc48bf	2026-08-09 17:48:55.183586136 +0800
C2530581	/root/autodl-tmp/ai4manufacturing_annotation/annotation_data/cases/C2530581/generated-artifacts/20260809T175640-c6f87490cc17/C2530581.annotated.dxf	1173295	d7ed9ef2f438629896ab76e3e96899740bc3d4bbcfdafd7c57fe683b16f21784	2026-08-09 17:56:40.614237946 +0800
C2530633	/root/autodl-tmp/ai4manufacturing_annotation/annotation_data/cases/C2530633/generated-artifacts/20260809T182629-8fecb6d4a340/C2530633.annotated.dxf	917214	20d9fd5857b659747e24ed743e9b96b8c554f260ab79c05180456877380d3ddb	2026-08-09 18:26:29.589047701 +0800
C2530642	/root/autodl-tmp/ai4manufacturing_annotation/annotation_data/cases/C2530642/generated-artifacts/20260809T183257-a55bdcc8192c/C2530642.annotated.dxf	996132	4f74f23fdc8603f2a8c9c3bcd2f5eb92394253422fc0807d649e6d35add2b848	2026-08-09 18:32:57.873224264 +0800
C2530682	/root/autodl-tmp/ai4manufacturing_annotation/annotation_data/cases/C2530682/generated-artifacts/20260809T191259-76d96f84c8e3/C2530682.annotated.dxf	778203	30521cf0f303f5601984abaab91e88afe27571bb32f8d532438797f6d94fbc85	2026-08-09 19:12:59.669165159 +0800
C2530692	/root/autodl-tmp/ai4manufacturing_annotation/annotation_data/cases/C2530692/generated-artifacts/20260809T184557-65a63057c7d1/C2530692.annotated.dxf	617254	2733edd6e24d4f1630aa5482b69c2f9a189aebf4397719a67715efa553c3577d	2026-08-09 18:45:57.297516389 +0800
C2530694	/root/autodl-tmp/ai4manufacturing_annotation/annotation_data/cases/C2530694/generated-artifacts/20260809T190928-74502398aa35/C2530694.annotated.dxf	805873	2b59befe9854a1986ac459304ddfd9cf3a0595f1e8984373a974fdea01bea469	2026-08-09 19:09:28.758571348 +0800
C2530790	/root/autodl-tmp/ai4manufacturing_annotation/annotation_data/cases/C2530790/generated-artifacts/20260727T164836-fe166710360e/C2530790.annotated.dxf	1619966	21467fd3da8a098510b4fa395e02ac0c3f6bcd6ea375724bc661ef45fd7128bb	2026-07-27 16:48:36.037941079 +0800
C2530900	/root/autodl-tmp/ai4manufacturing_annotation/annotation_data/cases/C2530900/generated-artifacts/20260809T194508-eb1c7b190af7/C2530900.annotated.dxf	1475316	d2a879de961ee128dc56ff98a2c84c082f444f794d48d96757dbbbd5e7a96fbf	2026-08-09 19:45:08.918701617 +0800
C2531023	/root/autodl-tmp/ai4manufacturing_annotation/annotation_data/cases/C2531023/generated-artifacts/20260809T184548-54c10117ad41/C2531023.annotated.dxf	919182	04008af254450f4d3a83fc96465b591d4bfa842e0117ffc19bbe5421a202d2a9	2026-08-09 18:45:48.969460425 +0800
