case_id,category,collar,sleeve_style,cuff,placket,silhouette,garment_length,collar_orig,sleeve_style_orig,cuff_orig,placket_orig,silhouette_orig,garment_length_orig,pieces,edge_chains,notches,notch_matched,notch_unmatched,match_rate,piece_assembly,review_state,updated_at,notes
C2330115,shirt,pointed,regular,regular,full,regular-fit,regular,,,,,,,18,76,26,26,0,100.0%,remote_v1_artifact,reviewed,2026-08-08T10:01:49.198492+00:00,领型为立领不在四类内故选unknown；常规装袖；常规袖口；全开襟排扣；合身廓形；常规衣长
C2431027,shirt,unknown,regular,gathered,half,a-line,regular,unknown,regular,gathered,half,a-line,regular,15,42,22,22,0,100.0%,remote_v1_artifact,edge_bindings_pending,2026-08-08T10:35:16.422901+00:00,V型敞开尖领；常规袖；袖口抽褶收口；半开襟；宽松H型；常规衣长
C2431055,shirt,non_composable,puff,unknown,full,fitted-x,regular,non_composable,puff,unknown,full,fitted-x,regular,20,72,0,0,0,-,remote_v1_artifact,edge_bindings_pending,2026-08-08T10:03:10.131224+00:00,
C2431105,shirt,pointed,puff,regular,full,regular-fit,regular,pointed,puff,regular,full,regular-fit,regular,38,68,0,0,0,-,remote_v1_artifact,edge_bindings_pending,2026-08-08T10:35:45.251093+00:00,经典正装尖领；袖山和袖身有蓬起的泡泡袖效果；袖口为常规克夫；前门襟全开；合身廓形；常规衣长。
C2431239,shirt,non_composable,regular,gathered,unknown,a-line,regular,non_composable,regular,gathered,unknown,a-line,regular,10,57,16,16,0,100.0%,remote_v1_artifact,edge_bindings_pending,2026-08-08T10:04:24.945636+00:00,领型为荷叶边V领但不在四类内故为unknown；常规袖带克夫；半开襟带系带；合身廓形；常规衣长。
C2431245,shirt,bow-tie,regular,regular,full,relaxed-h,regular,bow-tie,regular,regular,full,relaxed-h,regular,6,54,8,8,0,100.0%,remote_v1_artifact,edge_bindings_pending,2026-08-08T10:36:26.128068+00:00,领口带有可系结的飘带；常规长袖配克夫；全开襟前门襟；宽松直筒H型廓形；常规衣长
C2431354,shirt,casual-wide-lapel,regular,regular,full,relaxed-h,regular,casual-wide-lapel,regular,regular,full,relaxed-h,regular,8,94,16,16,0,100.0%,remote_v1_artifact,edge_bindings_pending,2026-08-08T10:05:19.408232+00:00,
C2431381,shirt,pointed,unknown,regular,half,relaxed-h,short,,,,,,,3,48,18,18,0,100.0%,remote_v1_artifact,reviewed,2026-08-08T10:36:55.914633+00:00,V型敞开尖领；常规短袖；袖口平直无克夫；半开襟；宽松H型廓形；短款衣长。
C2530027,shirt,open-v-pointed,regular,regular,half,relaxed-h,regular,,,,,,,4,43,4,4,0,100.0%,remote_v1_artifact,reviewed,2026-08-08T10:37:21.793023+00:00,正装尖领；常规袖；常规袖克夫；全开襟；宽松H型；常规衣长
C2530028,shirt,open-v-pointed,regular,regular,half,relaxed-h,regular,,,,,,,3,37,0,0,0,-,remote_v1_artifact,reviewed,2026-08-08T10:37:31.917473+00:00,V型敞开尖领；常规袖；常规袖口；半开襟；宽松H型廓形；常规衣长
C2530029,shirt,open-v-pointed,regular,regular,full,oversized,regular,,,,,,,7,44,0,0,0,-,remote_v1_artifact,reviewed,2026-08-08T10:38:41.374562+00:00,休闲翻领；常规装袖；常规袖克夫；全开襟；Oversize廓形；常规衣长
C2530093,shirt,pointed,regular,regular,full,relaxed-h,short,,,,,,,5,76,0,0,0,-,remote_v1_artifact,reviewed,2026-08-08T10:38:56.494132+00:00,正装尖领；常规装袖配克夫袖口；全开襟；宽松且下摆较短的短款版型
C2530098,shirt,open-v-pointed,regular,unknown,full,relaxed-h,long,,,,,,,3,69,0,0,0,-,remote_v1_artifact,reviewed,2026-08-08T10:39:22.063145+00:00,V型敞开尖领；常规短袖，平直袖口；全开襟；宽松H型；常规衣长。
C2530110,shirt,bow-tie,regular,regular,full,a-line,regular,,,,,,,5,45,0,0,0,-,remote_v1_artifact,reviewed,2026-08-08T10:40:03.434657+00:00,领口有系带可系成蝴蝶结；常规长袖；常规袖克夫；前门襟全开；宽松直筒H型；常规衣长。
C2530117,shirt,bow-tie,regular,regular,full,a-line,regular,,,,,,,4,77,0,0,0,-,remote_v1_artifact,reviewed,2026-08-08T10:40:32.545839+00:00,系带蝴蝶结领；常规装袖；常规克夫袖口；全开襟；合身廓形；常规衣长
C2530128,shirt,bow-tie,regular,regular,full,a-line,regular,,,,,,,4,46,0,0,0,-,remote_v1_artifact,reviewed,2026-08-08T10:40:56.374609+00:00,系带蝴蝶结领；常规装袖；常规克夫；全开襟；合身廓形；常规衣长
C2530131,shirt,non_composable,bell,unknown,non_composable,relaxed-h,regular,,,,,,,6,106,0,0,0,-,local_assembly_v1,reviewed,2026-08-08T10:07:18.884386+00:00,立领结构不在四类领型词表内故判为unknown；常规袖；无可见前门襟；宽松H型；常规衣长
C2530137,shirt,open-v-pointed,regular,gathered,full,fitted-x,regular,,,,,,,8,123,0,0,0,-,local_assembly_v1,reviewed,2026-08-08T10:41:49.872224+00:00,V型敞开领；常规长袖，肩部有轻微垫肩；袖口抽褶；前门襟全开；收腰X型廓形；短款衣长。
C2530175,shirt,open-v-pointed,bell,unknown,full,regular-fit,regular,,,,,,,8,94,0,0,0,-,local_assembly_v1,reviewed,2026-08-08T10:42:13.432447+00:00,V型敞开尖领；常规短袖配平整袖口；全开襟有明显门襟条；合身剪裁；常规衣长
C2530423,shirt,pointed,regular,regular,full,relaxed-h,regular,,,,,,,12,120,10,10,0,100.0%,local_assembly_v1,reviewed,2026-08-08T10:42:36.889602+00:00,经典尖领，扣到领口；常规长袖；袖口为常规克夫；前门襟全开；廓形为直筒宽松H型；衣长常规。
C2530429,shirt,non_composable,regular,gathered,ruffled,relaxed-h,regular,,,,,,,8,95,14,14,0,100.0%,local_assembly_v1,reviewed,2026-08-08T10:31:43.481337+00:00,领口为带褶皱的立领，不在词表内；袖山有轻微泡泡袖效果；袖口为常规克夫；前门襟有明显荷叶边装饰；廓形为宽松H型；衣长常规。
C2530534,shirt,non_composable,regular,unknown,full,regular-fit,short,,,,,,,6,123,12,12,0,100.0%,local_assembly_v1,reviewed,2026-08-08T10:32:18.738560+00:00,领口带有系带蝴蝶结领；常规直袖；整体有规则压褶面料无明显前门襟可见；合身廓形；常规衣长
C2530581,shirt,pointed,regular,regular,half,relaxed-h,long,,,,,,,8,163,20,20,0,100.0%,local_assembly_v1,reviewed,2026-08-08T10:42:57.130128+00:00,正装尖领；常规装袖；常规袖克夫；半开襟；宽松H型廓形；长款衣长
C2530633,shirt,bow-tie,regular,regular,full,relaxed-h,regular,,,,,,,8,134,0,0,0,-,local_assembly_v1,reviewed,2026-08-08T10:43:14.350970+00:00,系带蝴蝶结领；常规袖及常规袖口；全开襟；宽松H型廓形；常规衣长
C2530642,shirt,bow-tie,puff,ruffled,full,regular-fit,regular,,,,,,,12,92,0,0,0,-,local_assembly_v1,reviewed,2026-08-08T10:43:33.088994+00:00,
C2530682,shirt,open-v-pointed,regular,unknown,half,oversized,regular,,,,,,,14,90,0,0,0,-,local_assembly_v1,reviewed,2026-08-08T11:19:15.147452+00:00,V型敞开尖领；常规直筒袖，袖口卷起但无褶皱或荷叶边；半开襟；宽松H型廓形；常规衣长。
C2530692,shirt,non_composable,flutter,unknown,unknown,a-line,regular,,,,,,,8,59,0,0,0,-,local_assembly_v1,reviewed,2026-08-08T10:33:15.431385+00:00,领型为花边立领（不在四类内故为unknown）；飞袖；前中开半襟并带系带蝴蝶结；合身廓形；常规衣长
C2530694,shirt,open-v-pointed,unknown,regular,half,regular-fit,regular,,,,,,,14,129,0,0,0,-,local_assembly_v1,reviewed,2026-08-08T11:20:03.405947+00:00,V型敞开尖领；袖子为常规短袖配翻边袖口；半开襟至胸中部；合身廓形；常规衣长。
C2530790,shirt,non_composable,puff,gathered,non_composable,fitted-x,regular,,,,,,,12,75,8,8,0,100.0%,remote_v1_artifact,reviewed,2026-08-08T11:20:57.199669+00:00,
C2530900,shirt,non_composable,bell,unknown,half,relaxed-h,regular,,,,,,,10,105,0,0,0,-,local_assembly_v1,reviewed,2026-08-08T10:34:41.131738+00:00,立领设计，前中V型开襟带系带，无法归类；常规袖；平直袖口；宽松H型廓形；常规衣长。
C2531023,shirt,pointed,regular,regular,full,a-line,regular,,,,,,,10,152,20,20,0,100.0%,local_assembly_v1,reviewed,2026-08-08T11:21:27.068739+00:00,休闲翻领；常规长袖；常规克夫袖口；全开襟；合身廓形；常规衣长
